k,decay_rates,relaxation_time
1,2.5548430740733474,0.39141347276787414
2,3.5668615452140715,0.280358513310329
3,4.926568048921999,0.2029810590394288
4,5.023656830174302,0.19905818287458615
5,5.303026435711403,0.18857156609023196
6,5.6355943934690025,0.17744357208511732
7,6.294867806456735,0.1588595711214596
8,6.543587772134533,0.15282136265649843
9,6.741685427555115,0.14833086039771687
10,7.000797880135719,0.14284086144486915
